CitingPaperID,CitedPaperID
3205243295,4212943633
3098611442,3098611442
4200254107,3033077890
4372291803,3099216218
4389275078,2785824891
4285601909,3092592264
4296420135,3008816475
4286005461,2770085798
4383874774,3008150884
3086145444,3033588028
3008736366,2897392759
3021303712,1940239272
3087706290,3098155523
3035137847,2924166759
3214379431,3021411957
3039372851,2898732430
3037556289,2766435239
3203879031,3007848523
3004519953,2781836545
3153014022,2964069817
3081831373,3038698073
3106944394,2763533410
3016744546,2894627180
2990041000,2889422159
4212799051,2999360818
3120445929,3045405700
3185021026,2977465509
3170841242,2914692117
2997554592,2802062315
4225435592,2781761072
3210762887,2989938754
3032045451,2790786579
3195481895,3044935310
4283124344,2800938577
3211246923,2948785883
4214945352,3091921711
3214304478,2942433286
3019099801,2994840508
3029220716,2964341190
3113272796,2952543945
3165561827,2783599522
3092392870,2999720477
3113890381,2955672480
3109304011,2999919126
2975966138,2895878443
3177046384,3098308232
3113309731,2973690026
4385650419,2810724953
4224979440,2960643569
3116422381,2926989958
3133321551,3011517822
3135083450,3032045451
3127392576,2994622674
3090690295,2890531653
2971901660,2906683853
2965145194,2911854071
2949657777,2884900087
3020378214,2899807648
4319262212,2809086320
3093456436,2981820994
4293230728,3099748564
2973439273,2805097482
2947363345,2805128550
4214696247,2801398546
4310154739,2989648062
3108890290,3105176929
4210913887,3032045451
4321003640,2984392336
3038698073,3038698073
3157321408,3026988635
3038218674,2913266877
2909147445,2781976912
3129886361,3038698073
3036875000,2914614408
3027771447,2965351294
4220710414,2794419196
3106603968,2922043930
2961079136,2961079136
2985527747,2943740841
3094606157,2981635278
4220886147,3024183622
3130874566,2809431466
3016633460,3016633460
3013439884,2973926808
3013572561,2911704378
4305014647,3015383091
2896350046,2896350046
4285729804,2814614096
3044223676,2915304621
3035004775,2915010259
2871999737,2969862222
2997418586,2804721940
3124663999,2964871068
3099814693,2975696187
2996114956,2889852158
3099814693,2906387878
4221025790,2975696187
3104665614,2630507339
3104665614,2792326167
3208336099,3099814693
3034173374,3006567658
4252315050,2906387878
4221025790,2906387878
3100887492,2923815109
3104665614,2906387878
3208420877,2630507339
2922332965,2780278237
4225931892,2916906462
4229376972,2800912249
2898801056,2802109134
3166950146,2757980502
4220836693,2949890465
3104665614,2806827145
3142929346,2993810502
3161269943,2630507339
2996114956,2906387878
3165076761,2806827145
4376128975,2916906462
3104665614,2916906462
2906781590,2916906462
4252396955,2964871068
4388284844,2800493509
4376128975,2806827145
3111377105,2912355480
3189089978,2915010259
4319158733,2782080545
4380769261,2792326167
2973479303,2916906462
3008240066,2906387878
2975696187,2906387878
3102603062,2906387878
4376128975,2906387878
4310622448,2807750997
3196790880,2914221078
4387577920,3091624575
3043521173,2943080811
3211792717,3000751841
2944803493,2792828274
4386797843,2885088646
3045728718,2996510623
2974992562,2899463678
2982071809,2784980451
2794922957,3105678514
3041088860,2917494953
3158308213,2805545195
3045933491,3045734160
3114697745,3011895090
3136452579,2804231581
3095090886,3027204812
3211792717,3011895090
2954124637,2954124637
3172296615,3045734160
3035615680,2797596423
3104812161,2783543761
3045933491,3027204812
3089628938,3022622144
3176985171,2799316847
4319263554,2924252827
3158062106,3045734160
2885445984,2794268861
3130615914,3045734160
3080269113,2907885272
3023834325,3027204812
3095090886,3045734160
3084416161,3031912651
3189985782,3045734160
3179359240,3045734160
3105098767,3092013556
3164443714,3011009916
2788581379,2788581379
3027204812,3045734160
4317434672,3087209706
3047407900,2610816106
3000644301,2901911184
3121058674,2801288105
3010003232,2943080811
3177428124,3027204812
3016425662,2804231581
2955935248,2789378330
3184003964,3045734160
3184003964,3027204812
3199883054,2795560075
3157387312,2908757804
3130615914,3027204812
3179359240,3096465066
4220718818,3045893613
3020956046,2902699996
3093564455,3027204812
4285900290,2965937470
3167499727,2939681516
3136393910,2955136765
3032924479,2955136765
3087923166,2978107983
2799777969,2897748644
2941810749,2809966484
3103606370,2920575251
3183171079,3027204812
2995822675,2940017382
3027500407,2910624744
3019938913,2891228662
3179359240,3027204812
3100290071,2978956470
4388420007,2803451575
2970873947,2791607331
4220787108,2803381159
4200306312,2938141387
3165440876,2982412239
3162906978,2784980451
3050094322,2787736856
3183171079,3045734160
4225122437,2809999132
2902737321,2783504177
2986783546,2793006183
3158062106,3027204812
3109228923,2960092050
3090671270,2911840456
3111109452,2988802367
3045412459,2797999832
4311551615,2972565792
4313330279,3097678413
3176528438,3036253981
3197834515,2792635022
4312197838,3106545631
4306250063,3014502328
3153518717,3042462904
4307380779,3039349546
2964053234,2791074396
3008433012,2803720165
3087133230,2950147893
4387966745,2783527750
4385459540,2971774000
3168330745,2952000480
4288422760,3092050068
2999250470,2997076598
2996915774,2946822279
3120256262,2999594508
4220987987,2912331817
3005245715,3005245715
3013943237,2969763210
3021077927,2945545318
4206643692,2977137283
4318317779,3042890009
2996688916,2937491450
3122928618,2910972593
3022703855,2954111370
4289860732,2945949228
4365449947,2992825520
3011938264,2964332293
4287512168,3013373046
4285088376,3029378003
4385879866,3035370680
2790723803,2799916994
4240796932,2889872375
3036099309,3023598324
3021139280,3011600549
3164307178,2912872862
2888227960,2772277028
3011805804,3014656992
3090727861,3048835695
4388304484,2911228036
2932051323,2810396816
4220988351,2919109663
3084236163,3084236163
3175008862,3093249360
3129414840,3084236163
4226061033,2898384787
3217269355,2952459265
3176441117,3014656992
3007729350,2883210144
2976408710,2951381561
3087410177,3014656992
3109842873,3014656992
3048898510,2904379531
3037003413,2877383832
3213438581,2946771864
3131515205,3099062499
3202573105,3094078202
3192193291,2888741751
3111681797,2946771864
3138091986,3014656992
2955945678,2807529653
3040840953,2843925039
3121833403,3032445823
3162185013,2970379806
3008275907,2888799175
3155405767,3014656992
3137677374,2911228036
3014881916,2884912010
4293067436,2911228036
2900484561,2790798210
2761331534,2761331534
3054850573,3054850573
3082270490,2877383832
2952401062,2766253867
3141198694,2911228036
3031411888,3000440644
3003918453,3003918453
3093295276,2937367883
3160471157,3014656992
3044914269,3044914269
3111854290,2800175679
3135322169,3031411888
3046889193,3046889193
3183345224,3092195577
4210632297,2962851050
4223504845,3084236163
3204594147,3032445823
3037346400,2903852362
3023934756,2970087077
3150505176,3058836816
4226445472,3044914269
4220900202,3093095586
3205383079,2903852362
3092519469,3092519469
3157051172,3014656992
3157051172,3032445823
3211489613,2808847099
3032445823,3044914269
2979472203,2979472203
3087410177,3032445823
3130879884,2787229444
4360999875,2897084257
3194049481,3043398874
3165581912,3016877536
3139760239,3084236163
2966542998,2795687764
3214447846,2883628966
4205601857,2890562248
3016660030,2963889823
3177937846,2953057790
3175008862,3084236163
3032479100,2885735662
3094444333,2996112306
3166054274,2966567728
2999586414,2808570189
3080575400,2893976143
3217482763,2799370373
4224436972,2918808095
3111203614,3082739833
3039127888,2974345552
4298008797,2999808884
3155737545,2942683196
2971775201,2796291310
3112335956,2940431758
4205521972,2997526712
3083295807,2890863912
3016252712,2922632604
4221004010,3058836816
2889732702,2805498678
3162949128,2952148401
3213499913,2904379531
3165581912,3014779409
3037766596,3001801234
4388304484,2802099741
3203968939,3044286538
4324044810,3087411275
2924078876,2889703720
4315927917,2806686581
2978471572,2806686581
3135162893,2902342830
4229018980,3111568317
3133859624,3029661147
4200539651,3029661147
3196585962,3034202401
3166766123,3004859565
4200216147,3029878358
4384008546,3006500278
2936006898,2790737279
4389672806,3006500278
4387653064,3029661147
4387333996,3006500278
4220966186,3029661147
4388088553,3029661147
3126160703,3133859624
3029661147,3029661147
3006500278,3004859565
3004859565,2337092408
4223591189,3029661147
4200587334,3004859565
3006500278,3006500278
3006500278,3008278692
4200216147,3133859624
3180611208,3029661147
3004859565,3029661147
4293149537,3006500278
3128154910,3006500278
3142627215,3006500278
4387298120,3029661147
4213303860,3006500278
3006500278,3029661147
4318195846,3133859624
4220782528,3009825875
3193910581,2983607182
2904884010,2337092408
4386824501,3006500278
4362600286,3029661147
3006500278,3000438116
3008278692,2897064819
4200216147,3006500278
4387736398,2905562353
3111655147,3006500278
4388035817,3029661147
3174072002,3029661147
3004859565,3006500278
3034202401,3031830637
3126160703,3029661147
3176969175,3101992496
3111061871,3006500278
4200216147,3004859565
4385063248,2990024397
3025521550,3025521550
3166766123,3006500278
3044482768,3034202401
3006500278,3133859624
3029661147,3004859565
2809057270,2809057270
3032677067,3031830637
4317390883,3006500278
3125011419,2899224111
3135108774,3029661147
4385878922,2801456448
3088648928,3029661147
4214861448,3004859565
3134489892,3031830637
4319321470,2801456448
3193910581,3029661147
3092197448,3029878358
3128170553,3133859624
3132308663,3008278692
3162259891,2904884010
3111655147,3029661147
4381995708,3133859624
3108728530,3029661147
3138645734,3034202401
4318195846,3029661147
3042403380,2337092408
4318195846,3006500278
3173269252,3101992496
4389672806,3133859624
4386567805,3006500278
3133859624,3003860558
3133859624,3004859565
4214861448,3006500278
4318475506,2801456448
2905192725,2797140242
4306783667,3029661147
4200216147,3008278692
4220782528,3029661147
3203976037,3006500278
2951128002,2951128002
3081163352,2809158914
3126029420,2896468934
3021702982,3005716072
4309421572,3025047486
3155654404,2954970901
4385850634,3089186625
2994192310,2783138940
4200473440,2972900309
4385850634,3037184027
4309335574,2977873157
2950468843,2787656293
4289653596,2977873157
3177775780,3023759921
4310554582,3033499384
4387241543,2977873157
3131059059,3033499384
4379651073,2954970901
4226075580,3010666069
4296457245,2885912272
4317749991,3087575730
3012695695,2964190989
4205562661,3082377769
4296218861,3098001023
4288066631,2798031468
3203478496,2887114604
4310602408,2895258608
2978713238,2978713238
3200920417,2951516098
2883957162,2805485714
3106075011,3004883393
4311360725,3004442100
3092045521,2794107469
4239096511,2986602759
3196532439,3004883393
4223990635,3005477834
3004056362,2794107469
4322739150,3001484433
4200040449,2891303621
3205610165,2771559482
4322577772,3119029090
3180445041,2916673431
4200040449,2949346775
3193963619,3094674567
3106075011,3001704276
3153850671,3044980737
2985763231,3102276311
4310030165,2742705741
4295759401,2998886612
4312173404,2803932035
4367044368,2901548908
4313641137,2901548908
4310030165,2901268166
4313830725,2934913390
3164764657,3094674567
2905920441,3102276311
3169481483,3001704276
4309676716,2977589963
2983004433,2963986130
2980426661,2771559482
3005643787,3004442100
4223623530,2901268166
2967120837,2898585601
3127627352,2949016039
3097032065,3005327280
4367317863,2949016039
4386305396,2949016039
2904785741,2789083734
4387229289,2904763455
3004773979,3033926827
3124120144,3045910546
3112986840,2787816121
3032971139,3032971139
3088359260,3088256443
3182807823,3081393016
3182807823,3088256443
3205127490,3022285953
3155911740,3088256443
4282821500,3022285953
4220718559,3004498009
3134181354,2980292232
3022676039,3046218096
3088521725,3022285953
4250015790,3004647847
3171762393,3022285953
4281950249,3022285953
2979981663,2803681151
4292111171,2788540749
3104537585,3022285953
3094558943,3022285953
3092868656,3022285953
3174137905,3112105690
3092016255,3044927477
3098697637,3004647847
3126997388,3088256443
4283207450,3084920978
3203758164,2945086778
3128627408,3032971139
3128182586,3088521725
3207879702,3004647847
3185710912,2982102540
4319345875,2963407560
3128182586,3022285953
3135288125,3088256443
4385709098,3022285953
3193486653,2782456798
3108666979,3018118540
2987910667,3004647847
3044927477,3022285953
3207243906,3087862874
3092016255,3087862874
3166568332,3015964336
2805202094,2761459232
3005469082,2771599286
3094466268,3044927477
3093213262,3022285953
3215606890,3087862874
3118660061,3038072559
4200584507,3088256443
4206135665,3088521725
4213211303,3087862874
3163970933,2800301384
3005218670,3088256443
3171762393,3093213262
4200079077,3088256443
4280525750,3022285953
3107292745,3004647847
3037945517,3022285953
3212074665,3088256443
3177408630,3088521725
3113754461,3088256443
4281296022,3022285953
3004647847,3015964336
3182807823,3096867322
3182807823,3018118540
4200524230,3022285953
4307825996,3005188734
4282945374,2796944804
3155911740,3087862874
3214553693,3022285953
4205363989,3018118540
3096867322,3013796529
3155185892,3022285953
3105711196,2914532656
3087862874,3036887118
3037945517,3093213262
3194652165,3044468596
3179152893,3093213262
3134718368,3112105690
3092016255,3022285953
3119518737,3004647847
4200071447,3004498009
3158468209,3005188734
3182807823,3087862874
3092615759,3022285953
3043935496,3022285953
3121812492,3112105690
4309047842,3004647847
3134718368,3044468596
3144879873,3045715678
4294844275,3088521725
4306837445,3044927477
4387322419,3018118540
2993902743,2787816121
4221101236,3101046181
3171762393,3036887118
3044382958,3044382958
3022285953,3022285953
3122927255,3044927477
4284701002,3087862874
4308872469,3105244966
4324129678,3087862874
3211428750,3018118540
4387188648,3031073114
3005188734,2903416893
3092218311,2963407560
4213435307,3004647847
4200313615,2954719860
3144879873,3088256443
3171762393,3044927477
4311842542,2904763455
3179152893,3087862874
3216586749,3004647847
3214553693,3044927477
4283817217,3088256443
3004498009,3022258762
4280525750,3087862874
3134181354,2907333597
4313279453,2944046200
3110390956,3022285953
3214553693,3094558943
4324129678,3088256443
4322617193,3035706118
3214553693,3093213262
3192658706,2890999059
3167672897,3032971139
3154872222,3088256443
3179152893,3044927477
4384663455,2908623381
3046218096,3046218096
3127173946,3094558943
3124120144,2800301384
3031073114,3093292403
3098697637,3112105690
3134628705,3088256443
3004647847,2788540749
3185104510,2883311779
4220938601,2809265915
3096867322,3096867322
3007146834,3022285953
4378212201,3032034316
4386485278,3091919204
3004897498,3044927477
3121812492,3096867322
4206135665,3022285953
4386188642,3046218096
4386324792,3088521725
4210601265,3004498009
3174638849,2787816121
3018522922,2967338832
3005218670,3015964336
3110390956,3044927477
4284988267,3022285953
4322766075,3099912018
3088256443,3022285953
3088521725,3044927477
4324017939,3004647847
3124296497,2980292232
3047109359,3032971139
4323348324,3004498009
4385634257,3000313970
3112105690,3088256443
3187953964,3003442741
3182807823,3042072141
3005218670,3022258762
4220818503,3022285953
3162550885,2980663762
2987910667,3005188734
3173547614,3088256443
4283325528,3087862874
4284701002,3022285953
4284701002,3036887118
4385794434,2982102540
3127277789,3044468596
3183741867,3044468596
4200004960,3010340539
4284988267,3088521725
4220905041,3022285953
4313279383,2793585092
3087862874,3022285953
3011792889,3004647847
3021141494,3021141494
3005188734,3044927477
4221101236,3093292403
4387354365,3018118540
4376105726,3093370683
3047855637,3032034316
3004773979,3015964336
4206135665,3087862874
4283689784,3087862874
2990055699,2788049472
3122927255,3087862874
4324129678,3088521725
2902891963,2782456798
3004773979,3004498009
3182807823,3031073114
3134181354,3045910546
3188077199,3004647847
4283817217,3087862874
3201228378,3004498009
3173547614,3087862874
4309999671,3084920978
4313455000,3004647847
4384644208,2945086778
4220905041,3093213262
4205363989,3004647847
4283689784,3088521725
4313531686,3004498009
3015490759,3036887118
3159828191,3088256443
3212166533,3088256443
3183741867,3032971139
4311436944,3088521725
4378231948,3004647847
4380880504,3032034316
3179152893,3022285953
3134718368,3087862874
3134718368,3088256443
4225826670,3112105690
4385709098,3088256443
3086145685,3087862874
4210582840,3087862874
4306837445,3087862874
4313648829,3004647847
2987567353,2761459232
4366091610,2944403040
3047805881,3032971139
3037945517,3004647847
3158468209,3004647847
3152755630,3004647847
3198853168,3046218096
4206500857,3022285953
3159333387,3112105690
2902891963,2796944804
4205898899,2945086778
3044468596,3032971139
3098697637,3032971139
3211428750,3112105690
3092615759,3087862874
3094609450,3004647847
3124429340,3087862874
3127173946,3022285953
4281286137,3088521725
4221097818,3004498009
3115345578,2787816121
4224237620,2904647285
4225962443,2887552177
3004647847,3093292403
3165024620,3087862874
4385709098,3087862874
4323275773,3088256443
4225708257,3088256443
4387354365,3004647847
3045910546,3004498009
4381951468,3044468596
3188077199,2903416893
3109060888,3004647847
4237210669,3087862874
3136730149,2802282671
3044468596,3035706118
4210578221,3022285953
4310148812,3038072559
3113102942,2953641512
3004773979,3004647847
3086145685,3088256443
4229080008,3045910546
3205898176,3033926827
4389478650,3045910546
4313488537,3045910546
2961311563,2793585092
3142350772,2790542267
4244401981,3033926827
4313531093,3081393016
4230508708,2903416893
3035706118,3032971139
3096867322,3112105690
4386113054,3042072141
3094466268,3036887118
3093213262,3004647847
3092868656,3087862874
3124296497,3004773979
3115068672,3088521725
3204244960,3088256443
4387516641,3045910546
4229334951,2904647285
3047805881,3035706118
3005218670,3044927477
3165772185,3088256443
4281950249,3088256443
3045910546,3045910546
4281296022,3088256443
4283388560,3088256443
4387354365,3038072559
3213876682,2945086778
4312054608,3045910546
2924975930,2924760942
4225309839,3088256443
3173547614,3022285953
3200885656,3093370683
4221101236,3004647847
3127277789,3038072559
3038072559,2788540749
3017279216,3032971139
3005188734,3011278583
3158468209,3038072559
3140076283,3088256443
4210582840,3018856393
3004647847,3022285953
4210582840,3088256443
3088256443,3030968929
4200071447,3088256443
3113754461,3022258762
4386400752,2799343775
4214924743,2945086778
4206135665,3093213262
4220762213,2972052805
3088521725,3087862874
3094535706,3045910546
3186627811,3032034316
3005469082,2787816121
4322008861,2802561340
3089675328,3004498009
3082438395,3093292403
3094558943,3044927477
3004462687,3022285953
4366783354,3004647847
3133890547,3088521725
2914461615,2904763455
3196461326,3112105690
3208459100,3004498009
4200475302,3032034316
2994774025,2884300490
2987910667,3004498009
3087862874,3088256443
4297240004,3022285953
3040304567,3046218096
3182807823,3112105690
4307216811,3046218096
3183950937,3093292403
4390404698,3005188734
3198853168,3004647847
3193629630,3004647847
2952815940,2782456798
3024186438,2924760942
3173547614,3093213262
4317503056,3032034316
2908290817,2746656048
3033072681,2791247013
4319789065,2793585092
3185704972,3092736134
4328089473,2924760942
4220663872,2884300490
3041222256,3088521725
3171762393,3087862874
3092016255,3093213262
3184859188,3045910546
4220939068,3112105690
4387322419,3099912018
4308325267,2963407560
3045910546,3033926827
3155035522,3004647847
4200524230,3088521725
4225826670,3038072559
4376254188,3004498009
4220905041,3087862874
4384830493,3111045446
3023569633,2903416893
4306837445,3022285953
4283209831,3005188734
3004498009,2802561340
3135579514,3088256443
4213435307,3088256443
2914461615,2886367104
4205804268,3093213262
3209054590,3023688594
3129083220,3036887118
4205243120,3088256443
2918659467,2802282671
3185710912,2944046200
3105493778,3022285953
3214553693,3087862874
3183562257,3048963302
4313455000,3022258762
4226248303,2887872442
4226371480,3032150378
4206464678,2902089216
3200931843,2970337145
4295129472,2897443050
2990179731,2889715129
2989937242,2891605669
2955316307,2955316307
3111542598,3095617974
3092136311,3014735311
3022435472,3022435472
3127015146,2899505805
4220696442,2739057358
2890205877,2890205877
3200064846,2787598276
3044078165,2849190269
4309961429,3087018179
4308147678,3011957742
3091483158,2886281704
3081982012,2922316915
3006042629,2922308410
2941179507,2897522485
2989446800,2886281704
4232178682,3104087546
4224991350,2990510362
3106386073,3106386073
3083746599,3028823434
4210862801,2923300855
3176596141,3095617974
4368347611,2895907989
4386002797,2900960592
3024294833,2931990777
3011701533,3011701533
3171988836,2789869568
4200243080,2760111392
3200461021,2990312754
4303423479,2924870883
3015988827,3015988827
3133964976,3039701999
2889921316,2802593879
3159140204,3094419073
3114925893,3019040078
3192380610,2923300855
3195487229,2807727258
3100236314,2791753486
4210983576,2910027323
4200310004,2785829537
3181995425,2898514070
2938845519,2901412648
3198178286,2809792348
3102468676,3042137962
2913693872,2895006950
3085989258,3007162511
4318069456,3005177895
4285587268,2794769810
4306315515,2970884770
4317780974,2803996429
4321768811,3101924654
3111799671,3097990818
3009078037,2926575377
3196241303,3100474188
3081241218,2939058060
3162133013,3004280078
3016690262,2790765982
3033146658,2908327343
3128110122,3004480399
4367040782,3006010054
2936083981,2883561311
3031410383,3015608194
3089490646,3106674057
4309379033,3004584205
4296923154,2951449549
4212813085,3004480399
4387164902,3012118139
3171574644,3092664380
3156408383,2955075762
3074266422,3004280078
3174228498,3101739755
4367040782,3004480399
3127152314,3015608194
4206959743,3004480399
4381893166,3013240679
3120790477,3042332408
4226060569,3096177766
3093120161,3004584205
3163411443,3004280078
3110040216,3004280078
3105297847,3008580165
3195786643,3004480399
3094866738,3004480399
3108936441,2808507323
2995198679,2955245191
3175993301,2999691245
3159749449,2790765982
3044192339,2966081953
3127312618,3011737127
3015608194,3004280078
3159864234,3004480399
4205617913,3004480399
3108936441,2937229868
3108936441,2942397792
4225015716,2892118382
3108936441,3004584205
3204214891,3101711347
4223536862,3004480399
3186613767,2973616789
3195130348,3004584205
3164102566,3004480399
3047382543,3004480399
3138733564,3000413850
4308600763,2954031782
3113344283,3004480399
3013034951,3015608194
3145821082,3004584205
4286001467,3007198460
3119911251,3004480399
3160553152,3093120161
3134933481,3015608194
3165723681,3008580165
4287219382,2953624763
4386926209,3004480399
3166589859,2953624763
3097958282,3003507781
3096211607,3004480399
3091566841,2965194700
3158223263,3023609288
4214945302,3028938884
3093120161,3000413850
4200351879,3036722769
3136039453,2908327343
3093120161,3004480399
3134446480,3004480399
4287854966,3004480399
3112138969,3004480399
3121534776,3004480399
3197847129,3015608194
3160997281,3046713115
3013426803,2965933955
3127311730,3023609288
4206820997,3023609288
4224127576,2953624763
3187907737,3000413850
3163411443,3015608194
3086975118,3004480399
4293801260,3004480399
4286671270,2950413690
3096177766,3096177766
3096211607,3004584205
3194752025,3004480399
3119159798,3021198938
3076990333,3004480399
3206119603,3015608194
4386926209,3004584205
3113200194,3007198460
3198787915,3096751000
3166747999,3007198460
3035619851,3004584205
3165875461,3015608194
3113200194,2973616789
3163974329,3004584205
3139036184,3093120161
3015608194,3015608194
4224234680,3004480399
3195130348,3004480399
3135915663,3096751000
4296311448,3004480399
4386917247,3004480399
3112676957,3102960810
3200455879,3110597157
3194428193,2953624763
3131034054,2953624763
4297015863,3004480399
3093120161,3040374393
3172533353,2948426560
4379600929,2811281266
2966546105,2892135951
3199532933,3100474188
3094866738,3004584205
3135414981,3004480399
4206135956,3004480399
4297496650,3096886392
3023778967,3099728211
3126592182,2962693889
3208830425,3015608194
3183510173,3004480399
3135374557,3004480399
3156019974,3004480399
4200439034,3019051739
3200751546,3093120161
4223561028,3012625148
3195701327,3100321221
4220729480,3004480399
3180131928,3004480399
4225890110,3004480399
2897957760,2790765982
4386926209,3006022816
4378783424,3020149497
4200296342,2784274017
4206002329,2915918531
3165329426,3100643068
4309436803,3110121583
3165329426,3094646494
3155274187,3046594723
3193760010,2940190127
3169898427,3034967233
2998548270,3010560295
3025296323,2793071066
3081161032,3047144258
3118356453,3040725637
4386327983,3105122221
4220846811,2806395345
3136616410,3081208387
3199552818,2793071066
4387665466,2951598503
3215729223,3027009873
4283834008,3034967233
3202529314,3040725637
4389339004,3047144258
3213189848,3087167655
2888230285,2794844698
3009569400,2794844698
4200370009,3016283038
3217769107,2797977351
4288727992,3034967233
4223946571,2972638946
2915371009,2889473596
2980199519,2897546919
3020838714,3012310277
4360603826,3016283038
4313418693,3007170360
3197696297,3085047676
3003556593,2888230285
3045696640,3046003662
4388933440,3016283038
4280527133,2909849873
3155035513,2890927800
4200570372,2794844698
3201907640,3016283038
3214416664,3013159592
4389663506,3007217854
4389244428,3104014715
3020838714,3005762913
4367059866,3082058008
3204930980,2904749380
3196730788,2888230285
4379966617,2965795600
3130486120,2791526749
4388406675,2888230285
4361224194,2918573139
3120842281,3105659051
3175623970,3104014715
3136616410,3016283038
4200480834,2999408882
3088585805,2936196061
3177230289,2943439927
4294867488,3087599465
4318426223,3044620001
3197230149,2892220278
4319348382,2922119727
2922365668,2788563959
4319227382,3088862940
2991287552,2947525400
4292755650,2901491271
3176222805,2919062421
3192622001,2913269951
4383218863,3098428315
4281972991,2909448282
2886428883,2806033799
4281789685,3015761749
4284710742,2806929511
3159782450,2978546890
4220987448,3094802392
4285085410,2992392691
4313826926,3092663697
3131668733,2896409293
4292387025,3020703250
4226089733,3006202913
4281480454,2990179854
4212980142,2980033472
4289517322,3010739111
3111193510,2983985285
3196620837,3012051470
3139969305,2969493259
4384206636,3047916374
4214537301,2984476817
4207081757,2976364395
4308766367,3009892545
4205830049,3016582390
3006800806,2793171360
4224937803,2899419339
4380354758,2938866104
3168942844,2935797453
2901794628,2796845545
4319594984,2805240286
2982599786,2995306986
4386596175,2952105231
2971984522,2805251358
2970975955,2898726853
4319336061,2891511525
4309650666,2999428357
3200406327,2914637832
4376276578,2803401462
3101760778,2979529073
3128436707,2964615569
4383720738,3116103971
4323031480,2999346634
4384206896,3014619333
4221028201,2975423046
3003982436,4247365393
4205968612,2915557294
4210676541,2915668598
4321380826,3096668248
4327905879,3011371956
2947083296,2888590883
3014495188,2781637109
4382181804,3012365254
2919131764,2891543613
3092402903,2792540245
3197888844,2974055174
3109129987,2897633068
4387782312,3018483640
3180900381,3036525701
4296657846,2983563704
3085774086,3033728751
3076755297,2900343611
2991615522,2949208509
3082784685,3082784685
4361224312,3107160482
3014969146,2797040186
4304698329,2961425310
4280501739,3010618205
3091095424,2885048100
3203825526,2983903351
4292865406,3091552000
4376609018,3009893854
4200577292,3089438951
3118595062,2995395884
4328051120,3044919836
2807881196,2782315930
4296657846,2908682015
3012758303,2981815988
3211458609,2908682015
3126756469,3012554073
3202670669,2980879937
2961987863,2888249567
3018733063,2990697904
4220811267,2918992563
4362733313,4241434933
4286499788,3026606390
4362459440,2889393256
3109138797,3109138797
4297796529,3110168558
4285729918,2888035045
3202437997,2901870314
4288439586,3088036532
3212552860,3010485289
3092666089,3035515218
2960805044,2891568757
3135963925,2901045644
4376132875,3085774086
3048562900,2900761438
4311781579,2898921350
3016732285,2886292984
3158852481,2996638516
4293181831,2985009942
4214773461,3112181594
3019545931,2945532708
3101654075,2890697690
3169282631,2809529852
2899751111,2886485719
2995386795,2886512263
2982230823,2891092794
3166691512,2340656051
3136594673,2876761712
3189732968,2340656051
3144647617,2903689387
4282973533,2801514148
4285293268,2804505252
4281976431,2898215009
4306180126,2802573064
2952982270,2955700692
3041644247,2981552021
3015766607,2908340776
3176037658,2990182987
3126385000,2948031228
3158742641,2964024721
3025744748,3025744748
3047091198,3034816694
3046061621,3044660350
3010441732,3010441732
3084879098,3042323010
3097119905,3026002191
3017129059,3013893137
3137746616,3047091198
3165497123,3015429854
3214307669,3045578670
3196745706,3041960835
3173512675,3035459690
3216618416,3013893137
4200429845,3022210384
3170333570,3034548712
3153765484,3109942090
3142397881,3002016767
3161511556,3035459690
4284883970,2999230481
4283779466,3108193091
4214867556,3045802278
4323653529,3086281727
4313892107,3107068086
4318755078,3040928076
4310079147,3045578670
4385618208,3013152614
2886785109,2886541918
2924489771,2889874867
2971091813,2783674487
3092447733,2804762466
3087672733,2793369479
3102933936,2804762466
3012327875,2888908334
3100411033,2900391803
3123015207,2797600975
4317830849,2885974208
2992957227,2953482374
3040200522,2974545260
3041062936,2944868902
3191584660,2921875691
4205657966,2922256802
4307402605,2988278250
2947410234,3020114628
3090844627,3048620154
3047402958,3013893137
3108193091,3026558549
3046988613,3043831218
3014233146,3014233146
3046061621,3007643904
3040899749,3042323010
3023611224,2998795792
3044050454,3025987322
3210285202,3087128437
3111167477,3034425032
3121906900,3092403777
3135813722,3044660350
3137560826,3032464132
3168849775,3006328145
3157116442,3025744748
4206782689,3025987322
4308444421,3093768302
4384662824,3091428163
2935941183,2340656051
3043795706,2802053370
3094186432,2785110060
3028489281,2887326710
4306861794,2802636975
2990023759,2910889183
3014903149,2981754620
3080233358,2946241006
3023611224,2950359183
3154736103,4251141134
4220759112,2915336924
4280594684,2979563681
4321004466,2979595830
3015190630,3014067025
3032255042,3021880084
3117730334,3032255042
3023190093,3023190093
3094860119,3026558549
3085586916,3021880084
3046061621,3023230016
3036607916,3036386821
3036626989,3047132168
3040980064,3020909574
3096331199,3025871232
3129399011,3021391231
3199394546,3025744748
3131871667,3034425032
3213182232,3094435518
3124726575,3016902371
4288059022,3014067025
4283703146,3014067025
4289516301,3013893137
4310253617,3013188135
4292293010,3000476650
4309761231,3095153958
4323653529,3040263581
2767443035,2340656051
2990521598,2340656051
2943918361,2793309516
3093490071,2783674487
3018541302,2887886950
3180523736,2901552404
4327575929,2785803176
4377861695,2809368942
3196522763,2985711816
3194630212,2987957259
4308697725,2995840337
4210651685,2920169518
4200051100,2982230823
4323653529,2924884227
4378417152,2982626951
3085460391,3044327190
3094860119,3034071161
3097640683,3007643904
3087924281,3087924281
3013152614,3003217347
3090717270,3007643904
3108193091,3042323010
3023560309,3003217347
3085586916,3022917947
3023376619,3007643904
3092301564,3108193091
3040017923,3025744748
3168889671,3032255042
3133745198,3048799641
3135942249,3094968263
3198672363,3036883131
3131672926,3013893137
4284889683,3015020891
4214937225,3013093478
4352994034,3044029393
4323653529,3094422429
4388487591,3007938233
2902814116,2889513238
2897652969,2792588868
2964554484,2883729084
2951573203,2894645292
2991331878,2791033272
3022107839,2886785109
3163335885,2793369479
3207343669,2793369479
3163387342,2897925268
3155342164,2795435173
4383377960,2789924919
4379390537,2891146712
4362699883,2798138326
3191171424,2962719951
3125852379,2952948597
4313454211,2918023653
2958498709,3034541161
3024602798,3045578670
3034425032,3020909574
3095217725,3042323010
3040113773,3043399522
3156105972,3012448990
4225441476,3087924281
3161772041,3089112814
4282931115,3014067025
4307386237,3013381082
4220680013,3013800395
4205279850,3012068569
4220863258,3012448990
2907549567,2902840690
2944123089,2886541918
3012281243,2890263737
3028644610,2791483720
3195745770,2896394934
3176685267,2785803176
4309436488,2905059551
3178208551,2923028656
4283798934,2949020598
3025744748,3042323010
3043431476,3014067025
3095153958,3022360544
3044416430,3013893137
3096331199,3026558549
3096992841,3022970339
3092762305,3034425032
3043722389,3007643904
3022734398,3022734398
3035940803,3013152614
3034529698,3013151148
4200591611,3093768302
3189197085,3080487846
3119858057,2998795792
3094123349,3007643904
3121139527,3038505425
3170598451,3029682964
3123633513,3093768302
4221107345,3040980064
4323653529,3105881779
2923976040,2801634422
2979881141,2340656051
2968802792,2808641790
2974545260,2759086237
2907844210,2340656051
3039360174,2788735115
3033852017,2784734859
3131973459,2887249435
3165585845,2791711864
4372337416,2896617742
2976066134,2943665347
3048822082,2916364858
3087868350,2910779362
3046671820,2958222816
3100342993,2982245165
3100553135,2982786587
4308770459,2981137429
4280507811,2990774124
4317689970,2979595830
3113281956,3010131837
3097640683,3023376619
3045870925,3013188135
3037021418,3016902371
3046017759,3022210384
3092794487,3084033366
3014067025,3014067025
3042323010,3026558549
3037544553,3013893137
3038505425,3038505425
3025553169,3025871232
3047880613,3026002191
3042948364,3042948364
3163705252,3044029393
3133980772,3007643904
3196531163,3020909574
3132153121,2997234557
3198689144,3089112814
4214640500,3013188135
4313382384,3093768302
2810350665,2782130029
2902846198,2781886817
2910314419,2782130029
2973569033,2788045153
3029160496,2877882896
3164836182,2340656051
3165863602,2766437506
3176469526,2952585581
3194150176,2900771557
3158015415,2791681873
4220986765,2792021903
2988620928,2950531883
2996205477,2916020270
4206037526,2949062400
3047128047,2914796231
2984805909,2963404097
3035764705,2981137429
4200559225,2915848182
4200232563,2980902248
4280517936,2972181129
4224437039,2936738922
4319303894,2980684978
2989767263,3014649693
3039038596,3006950105
3036529319,3010441732
3042323010,3025744748
3085586916,3029682964
3007643904,3007643904
3014233146,3021880084
3010190156,3048620154
3085586916,3014067025
3043029189,3032255042
3120758145,3032255042
3119412259,3036386821
3137782989,3013093478
3133762183,3014067025
3133209382,3095153958
3137746616,3108193091
4205483821,3007643904
3170598451,3014067025
4224944597,3093768302
2883573930,2848694795
2897685517,2808245019
2972751683,2789305195
3090508437,2806673750
3008040120,2797541543
3185560091,2898215009
3126205838,2888052177
3207912190,2895486342
3139026324,2888979937
4205199378,2803841447
4323653529,2895126220
4315473082,2793309516
4323653529,2899379279
2969869494,2951518977
2981338841,2944117578
3092992656,2951964187
4319592979,2943793201
3092403777,3036386821
3025987322,3029682964
3109188198,3025744748
3034816694,3007643904
3101876475,3034071161
3120714204,3045870925
3179259355,3096331199
3195820203,3007079711
3206303627,3080487846
3214779680,3013152614
3183900570,3092854160
4281298256,3041564586
4323653529,3037722837
4323653529,3033352782
4321794491,3007415664
2925289008,2883622734
2959924472,2340656051
2913267717,2809502094
3048846589,2900771557
3146446900,2950976066
3035700080,2981137429
3012782412,2914574872
4207009531,2981552021
4293355099,2966356672
4309080193,2921168633
4220694568,2987957259
4380879631,2981137429
4366448441,2977174403
3095186004,3003217347
3096419685,3012284084
3000311037,3000311037
3014203610,3025871232
3017129059,3023698680
3096331199,3042323010
3092501606,3035459690
3112547455,3013188135
3143907823,3034816694
3135411054,3003217347
3196470459,3032255042
3176239880,3010955108
3165032628,3025744748
3209735640,3094968263
3199394546,3090844627
3178418858,3081228941
4200429845,3025987322
3169748973,3086281727
3155447915,3013152614
4283219151,3045578670
2888546921,2802053370
2903718866,2797410539
3009486424,2804235153
2999230481,2949543964
4308747576,2895932308
4284975277,2759086237
4308150510,2892433402
4213425482,2891146712
4323653529,2891386968
3110610967,2958848569
3116742241,2936686072
3163335885,3105633527
4223979496,2902472343
4313638435,2953226067
4319042763,2955390397
3032255042,3045578670
3040980064,3023698680
3107588714,3036529319
3013188135,3013188135
3045596302,3087924281
3035942664,3013893137
3117649460,3026558549
3166391143,3038505425
3132999071,3024382268
3167103717,3106603260
3166084170,3012284084
3118627743,3043831218
3175362420,3020909574
3133448246,3094968263
4200345880,3016902371
3175562186,3089112814
3087544811,3048632747
4220972439,3108193091
4225295886,3045578670
4381059910,3108955872
2884873272,2892103024
2963622568,2795435173
2987814631,2783674487
3118022349,2794714637
3095638759,2895932308
3004007615,2811076256
3022437868,2951682736
3206628212,2893361790
3118685952,2883879320
3135782547,2806602851
4298394164,2809282001
4381249954,2340656051
4387063453,2895252122
2975736685,2917547201
3138837064,2914718086
4285389439,2977762340
4319655837,2982381007
4380884545,2965072305
3106918066,3014842224
3094860119,3034816694
3092794487,3009746164
3013188135,3012284084
3047880178,3025871232
3037923073,3032255042
3104727101,3044660350
3027659922,3018334611
3143317552,3047091198
3121177038,3013152614
3119858919,3047159181
3164220019,3013893137
3129555148,3025183036
3124695025,3010131837
3161032756,3108193091
3131217869,3103021984
3128572085,3047515231
3125525522,3092403777
3109998099,3022210384
3175562186,3025744748
3119147846,3035459690
4304118598,3000311037
4322495019,3179857518
3014395776,2784380241
3122917998,2888169023
3118017075,2800563766
3093906832,2896507689
3127915022,2789924919
4313382384,2800434159
3094811729,2912385243
3192305430,2912671957
4362522075,2919859489
4362717660,2912115447
3049654234,3026558549
3113228067,3108193091
3143907823,3042323010
3121008609,3087924281
3143907823,3007643904
3170734619,3025987322
3192052690,3047880178
3153910834,3092794487
4281666706,3039783515
4366402732,2999230481
4385813836,2998795792
4390197641,3112882062
4389613771,3013324035
2905763822,2340656051
2808363286,2787902098
2947794723,2782183686
2965985232,2898215009
2987653794,2800593054
2947365219,2800264042
3043850244,2785110060
2984805909,2895486342
3126584524,2790664419
4282935115,2784371446
3111507211,2981612066
3122102409,2930737113
3191171424,2989693584
4311019904,2995684511
4352994034,2952548366
4321369012,2928665623
4377564881,2948031228
2963359643,3104285666
3023698680,3020909574
3092503590,3026558549
3033950875,3013152614
3016966989,3010131837
3047125225,3018334611
3085446961,3005104290
3034425032,3023698680
3152912772,3031834099
3190206472,3036386821
3138215020,2998795792
3155447915,3003217347
3122572428,3013594674
3119321472,3038505425
4308772231,3013188135
4226087845,3025744748
4225647476,3044660350
4205544024,3006384348
2883360372,2799344600
2941803205,2804235153
2951553270,2340656051
2936204499,2949385499
3008165945,2782124401
3025757981,2887136521
3217077580,2802059742
3138837064,2792021903
3170322213,2809379320
4306725870,2887886950
4315644439,2883622734
2969284130,2938898812
3048637032,2978356506
3048885175,2911647752
2999217075,2944221730
3178418858,2958848569
3044517943,3055859021
3013594674,3010131837
3092775354,3010955108
3000282923,2998795792
3092503590,3034548712
3049332674,3003217347
3092301564,3026558549
3153585438,3010131837
4226236687,3040264860
3124219265,3047091198
4221072241,3041960835
3138215020,3000311037
3209735640,3090844627
3185137851,3022210384
3133448246,3087924281
4288059022,3029682964
4290643770,3082588265
4220902785,3013893137
4283834260,3018334611
2987965949,2889874867
2978285210,2340656051
3040020637,2781567654
3080632072,2340656051
3004434748,2783823932
3006211741,2802053370
3214779680,2794573360
4200135473,2759086237
3133278783,2895207416
4294573005,2901166225
4309563491,2883622734
4318141566,2792647196
3000799818,2916020270
3025511956,2970073459
4309825836,2969948459
4303438839,2969940182
4380998026,2964024721
4323653529,2899054965
3095866569,3016902371
3095186004,3013152614
3011127849,3003217347
3118947400,3040980064
3149683693,3045724532
4220807057,3022917947
3119364446,3024382268
3161032756,3042323010
3129940998,3025090814
3132240972,3044057346
4221116249,3096331199
3177181935,3048620154
3165224709,3043831218
4200103838,3045946041
3198689144,3025744748
4311348020,3044938537
4283703146,3029682964
2916020270,2889874867
2915459742,2793309516
2987060168,2612603061
3038961627,2830196912
2972987364,2340656051
3033829306,2787902098
3035131755,2792933846
3186914339,2810748925
3202146472,2766437506
4210780562,2340656051
4319068391,2803811225
3194369044,2958848569
3165875563,2975589949
4205521038,3101354295
4210598731,2919859489
3033094519,3033094519
3089112814,3082588265
3111021405,3013594674
3092302767,2998795792
3021391231,3013893137
3118554598,3045466751
3133745198,3093768302
3138687886,3028550535
4282915869,3003217347
4225647476,3007643904
4280597051,3006831735
4317717649,3005086951
2979487934,2800905921
2925184855,2340656051
3015892555,2782124401
3036640238,2784532673
3125565190,2811284615
3213570224,2811284615
4297497831,2785803176
4283161827,2786436590
4220999759,2759086237
4296460179,2792647196
3081076923,2914512071
3108665729,2952548366
3195559098,2991552764
4327573938,2970092081
3047091198,3023230016
3089112814,3025744748
3024506939,3087128437
3011230498,3022970339
3037923073,3022917947
3048799641,3048620154
3096331199,3047091198
3093676084,3022970339
3027231799,3020300207
3210014730,3008013786
3177181935,3093768302
3154372950,3013893137
3120758145,3010441732
3104471981,3045724532
3164719538,3042510281
3116482072,3108193091
4281751334,3042183476
4226027283,3027738841
4387609414,3032390071
2898861270,2785610956
2965604684,2804448077
2980708699,2891146712
3194948240,2808632617
4220930978,2883622734
4220652963,2794369551
3082804787,3101667340
3214755680,2981329637
3130788486,2985711816
3205268219,2996612432
3174064560,2922176925
4211067223,2925217409
4213425482,2986852877
3043831218,3043831218
3043431476,3029682964
3021923959,3010131837
3009906937,3017129059
3025744748,3089112814
3131217869,3049142173
3155004337,3108193091
3136693147,3034425032
3139099049,3081073771
3165705254,3025987322
4285388424,3004263805
4322763428,3020766569
4311806035,3027146212
2781890679,2781890679
2965005743,2801287177
2912479692,2802200505
3114473647,2340656051
3008165945,2785803176
3009486424,2888115472
2969984833,2805114643
3209726219,2785942661
4364378349,2897815318
2921545890,2968071222
2963581652,2916364858
3004494456,2981137429
3004326018,2911349862
3132226805,2907337795
4285140196,2947458856
4283162157,2987347191
4281790379,2911354827
4327909437,2990182987
4323653529,2991307628
3039692269,3044050454
3094860119,3025744748
3095556560,3015429854
3047091198,3007643904
3024602798,3013152614
3037544553,3044416430
3045578670,3029682964
3094860119,3042323010
3016902371,3016902371
3195039506,3023376619
3161032756,3026558549
3168889671,3025987322
3121332187,3007643904
3155004337,3034816694
3112547455,3013594674
3161511556,3034816694
4213362500,3003217347
4221111347,3096331199
4297251017,3045737895
4225100118,3041494167
4376631089,3013151148
4323653529,3000435220
4381430994,3037334946
2904314782,2883208877
2966720035,2787902098
2971385201,2811445844
2961411419,2799499225
2962905556,2789924919
2976425815,2891818439
2914519492,2785770559
3090744590,2805442283
3003544699,2781567654
2955503846,2340656051
3031651235,2828365771
3142571537,2887326710
3161350456,2785077527
4296327440,2887249435
3213443509,2888423719
4380576437,2766437506
3081228941,2958848569
3099323319,2922246560
3157708001,2962905556
3196777174,2982561006
4223505646,2973686658
4321097797,2964523110
3048334038,3013188135
3094968263,3087924281
3022210384,3010131837
3096294596,3003217347
3011127849,3013152614
3084879098,3034816694
3017133925,3023376619
3043502363,3044660350
3042482358,3025183036
3057728496,3025090814
3044050454,3020300207
3122148095,3093768302
4225441476,3082694457
3119412259,3096331199
3199394546,3048620154
3176910263,3013893137
4313488719,3090844627
4213270179,3014067025
2977393440,2804762466
3024554698,2781886817
3125488134,2888500336
3164692211,2790044474
3088475679,2969948459
3006203361,2973432546
3132314040,2975797703
3123922203,2981179816
3145340769,2912171584
3198672363,2965987420
3102700299,3038505425
3023560309,3013093478
3090717270,3023230016
3040899749,3047091198
4247426837,3044660350
3097971187,3020909574
3128361403,3048620154
3123633513,3090844627
3210837875,3045870925
3155317409,3020909574
3122148095,3048620154
4292181176,3047515231
4220934989,3042323010
4321480235,3020766569
4366448441,3088401235
3015470279,2887249435
3037791176,2759086237
3010347562,2903807505
3168119119,2797866384
3136594673,2791781902
3179259355,2800593054
3177123537,2893489511
4294647436,2800434159
4316171143,2782017756
4386810314,2759086237
3134754826,2918782245
3173003579,2966214074
3193336542,2972524623
3155846106,2978356506
4307228440,2979750733
4308150510,2941209113
4386090744,2958848569
3025818509,3013594674
3030748957,3047091198
3093768302,3093768302
3086125063,3025744748
3046033700,3025090814
3095938791,3026558549
3179557623,3002770500
3189544042,3007643904
3132982761,3042323010
3187496430,3047091198
3118092388,3015020891
3192317628,3036386821
3165367963,3017129059
3191809422,3013152614
3143938824,3087924281
4223640561,3044660350
4384923289,3101261873
2773586544,2793965282
2806413184,2785803176
2975042721,2810743411
3000799818,2889874867
3107591566,2795185600
3133005300,2898120081
4362639829,2785803176
3004632840,2981137429
3023290106,2949062400
3030556878,2966176854
3202652874,3102814064
3133262342,2960061163
4223505646,2943793201
4307170669,2988278250
4323653529,2975458838
4365479119,2964024721
3049654234,3042323010
3047132168,3010131837
3038110350,3026002191
3091922182,3091922182
3085955680,3024289893
3043029189,3021880084
3017122993,3093475346
3174327253,3034816694
3138215020,3030942202
3176626547,3016902371
3129399011,3092511958
3208404934,3087541931
4225647476,3093768302
2896318583,2782183686
2797828983,2887886950
2995703197,2783692764
2945331209,2895207416
3006549564,2900896766
3020077371,2800905921
3011286936,2900144939
3049486162,2894645292
4292148468,2797541543
4380568974,2796781998
3042796602,2995840337
3013182397,2969738163
3012315874,2981014677
3100064914,2974741115
3035986830,2917855738
3116491627,2951518977
4309067272,2994938720
3035628751,3042323010
3046061621,3026558549
3046218112,3013152614
3083130172,3023376619
3151076337,3029682964
3131287340,3029682964
3161511556,3047159181
2947095040,2886572205
3002301481,2790139801
3022396280,2800434159
3126921591,2787584289
3158393751,2792493536
3119974640,2787499237
4280552086,2883622734
4285084382,2895207416
4321455981,2889127731
4312113721,2796781998
3006223032,2912308393
3092794487,2958723445
3135360764,2942273685
3136594673,2962199946
3035486810,3101697142
3041752529,3024382268
3036626989,3010131837
3109188198,3042323010
3004348779,3026558549
3032255042,3014233146
4221116249,3025744748
4206384730,3013413712
3119321472,3013188135
3187496430,3007643904
4205483821,3095153958
3167555428,3036386821
3161511556,3041564586
3161032756,3081073771
3139099049,3047091198
4283071640,3025316148
4306746922,3041494167
4308150510,3093867667
2888908334,2888908334
2946657092,2898120081
2966472180,2787584289
4296693015,2830196912
4363624540,2808317537
3041725488,2949908411
3045946041,2949062400
3033153603,2950300673
3163531312,2954607988
3127258368,2948927976
3202146472,2916020270
4221065059,2912557076
4281618351,2946016273
4377826561,2981179816
3084924559,3013413712
3036386821,3036386821
3044623713,3080128212
3143317552,3007643904
4221116249,3109188198
3195039506,3034816694
3184363405,3042374389
3139074260,3041960835
4226027283,3029682964
4211067223,3092447733
4386056657,3081076923
2969167159,2340656051
2914098003,2789838322
2950375827,2799706195
2975540334,2808641790
3108185313,2883779301
3016902371,2896252141
3207912190,2759086237
4290725298,2884775052
4205613224,2766437506
4384664068,2887136521
4376631089,2801467372
3176344185,2979432313
4223505646,2929173597
4253754191,3034541161
3022210384,3089479994
3049348882,3014233146
3083230937,3020767685
3084879098,3026558549
3116055094,3017129059
3135942249,3080487846
3152703278,3041494167
4225647476,3047091198
2792134346,2793369479
3031508706,2791483720
3012281243,2885696803
3112241528,2793992337
3203736701,2896481903
4221092539,2340656051
3010287583,2947520615
3019861071,2960719563
4283263467,2979595830
4362703368,2946429186
4323669716,2943793201
3029682964,3014067025
3008359597,3008359597
3046627240,3039975419
3085586916,3013152614
3001118548,3003217347
3093768302,3090844627
3121008609,3094968263
3179259355,3092403777
4200604761,3001391362
3135002918,3029682964
3109998099,3010131837
3119321472,3013594674
3132982761,3096331199
4304014325,3008176582
4379880427,3043831218
2800617744,2950976066
3014105327,2340656051
3177309704,2900771557
3195830738,2908510209
4306642903,2791781902
4308834995,2796781998
4280517936,2949385499
4317437864,2897700601
4327698572,2891378535
4367310435,2800655655
3028280407,2953226067
3212888956,2958222816
4229053653,2942678593
3042383115,3003217347
3085586916,3032255042
3042323010,3034816694
3168181021,3020300207
3143907823,3047091198
3143907823,3048620154
3119859287,3021923959
3155004337,3047091198
3115414062,3093768302
3197033821,3036386821
4281982590,3016902371
4281401684,3003217347
2766301605,2884346629
2983984892,2795435173
3102103775,2787584289
3038464575,2784296409
3149683966,2801120649
3209524664,2809303994
4220828826,2891373107
4362663848,2886855629
3024653562,2961647394
3094811729,2972181129
3161441621,2929655635
3152670943,2966828582
3173074848,2943793201
4385564414,2953719859
3048714202,3025744748
3041564586,3034816694
3017133925,3007643904
3111167477,3020909574
3175562186,3107112434
3216618416,3017129059
3128675933,3034825141
3196531163,3017129059
3200448916,3041960835
4206984346,3042323010
4221107345,3017129059
4221127066,3020909574
2892103024,2793369479
2973569033,2792522953
3046689081,2949385499
2995171541,2783667606
3009760307,2792021903
3009668945,2808136147
3171967633,2889731579
4214920620,2950976066
3091827613,2941803205
3020786514,2971982243
3121941032,2953467762
3039901154,3109188198
3020909574,3040980064
3019643748,3019643748
3029579095,3006831735
3041564586,3035459690
3106918066,3040264860
3081741393,3026558549
3122572428,3013188135
3091355964,3047159181
3121008609,3035459690
3135942249,3087924281
3200289956,3010955108
4200429845,3032255042
3137483588,3080487846
4210943449,3021880084
4365446437,3005104290
2811786566,2785370067
2891405227,2783667606
2803660004,2848694795
2789305195,2340656051
3010753891,2786421413
3013807235,2759086237
4307859903,2891818439
4211067223,2805849705
2972983657,2962905556
2911328426,2916020270
2999574254,2916020270
3210165781,3102656146
3217535537,2934310150
3090717270,3034816694
3044050454,3032255042
3034071161,3013594674
3043124965,3003217347
3037544553,3021391231
3024439384,3013893137
3016902371,3037021418
3152531891,3000083217
3209800182,3049142173
4200524915,3043344901
3094123349,3047091198
3192493086,3043831218
3200728455,3042348109
3135002918,3014067025
4226367800,3109926818
4221135099,3106603260
4385234624,3037722837
2782281891,2340656051
2885265830,2785904295
2991212521,2949543964
2989562929,2792021903
3036354173,2898215009
3131547751,2889745339
3213026873,2903264420
4220762930,2785803176
4285237167,2896968078
4323809904,2897137698
4377968950,2800434159
3046481747,2987820647
3171967633,2990494401
3103843063,3044660350
3096816634,3027310623
3012846954,3013093478
3023464695,3044050454
3088183071,3013800395
3212854871,2997234557
3109998099,3047132168
3185008666,3179857518
3135556657,3034425032
3175362420,3023698680
3134056000,3087139986
4280637998,3024289893
4211263529,3003217347
4291001945,3013893137
4283079394,3093768302
2886607570,2797600975
2800863989,2783692764
2917748296,2793965282
2910817182,2801711247
3003662894,2800563766
3024208464,2340656051
3042164739,2895207416
3140018342,2888052177
3028262887,2950300673
3155379073,2937274403
3111454878,2973222021
3135324733,2954656275
2923748945,3030556878
3047132168,3013594674
3046581048,3013594674
3024048796,3008176582
3095861979,3045578670
3041752529,3029682964
3033950875,3022917947
3047549677,3022970339
3109998099,3021923959
3128961456,3093768302
3182898074,3047880178
3197471227,3021989619
3118873013,3034425032
3139126142,3045724532
3202146472,2993905360
4200572418,3016210073
4382939637,3025744748
2991191531,2886512263
2984805909,2800434159
3191096373,2804270751
4200107506,2808245019
3155830558,2883622734
4200466766,2886785109
4205817967,2830196912
4210680332,2902763070
4210842920,2802690323
4315644439,2949543964
3110610967,2953584518
3100035092,2898365215
4311201307,2939018266
4296197000,2923787428
4317437863,2974717491
2979918279,3012448990
3081684714,3042183476
3033015248,3042323010
4220807057,3044050454
3199394546,3089112814
4220844191,3016902371
4308683905,3020300207
2804159563,2888537731
2912479692,2786189709
2923188922,2797347068
2912310032,2809379320
2939295728,2799762305
3043427664,2797295904
3106764389,2896481903
3028644610,2886855629
4296463490,2890140563
4280597051,2806282824
4324095586,2887249435
4327857431,2782183756
4383821992,2903563962
2952706635,2916020270
3083062286,3102814064
4385791530,2914574872
4321200688,2981389967
3027848310,3016902371
3090717270,3081073771
4225960124,3080487846
3161032756,3034816694
4213362929,3093768302
4223979505,3022210384
4213274904,3093475346
3046013549,2787257147
3000547714,2340656051
3162105687,2902965256
4320481127,2800414575
3043821164,2951924500
3085460391,3080845626
3034548712,3034548712
3117730334,3037827718
3034816694,3047091198
3096331199,3036386821
3172207918,3045870925
3143907823,3023376619
3170734619,3032255042
3137926323,3020909574
4297017859,3097696543
4312200786,3014067025
2941165494,2784784811
2943858543,2891386968
2900312972,2888315114
3044908880,2905917937
3169670907,2900616886
4282968194,2796965506
4280521153,2783192416
2974545260,2914512071
2942276193,2917815849
3000702515,2910983903
3095553850,2981616034
4304890557,2969017260
3106791064,3013893137
3094860119,3047091198
3081741393,3042323010
3162905796,3093867667
3175562186,3093768302
4220807057,3032255042
4206984346,3108193091
4226027283,3013093478
4290672784,3108193091
4364322230,3093768302
2792617097,2785610956
2905317377,2801443765
2884873272,2793369479
3023307059,2807097649
3014635046,2804181738
3133803476,2783823932
3173371663,2902805920
4293177075,2340656051
4228997735,2804257223
4389166615,2895826492
4282970657,2928966425
4255791080,3022734398
3036529319,3036529319
3117730334,3025987322
3036607916,3092403777
3128027648,3038505425
3158485713,3089942050
3122148095,3090844627
3199725740,3020301997
3159077390,3004007615
4298008749,3028280407
4296049653,3022917947
4385458856,3046797242
4328049431,3040876684
2883360372,2786626581
2888947507,2788045153
2989928339,2868576343
2970552507,2612603061
2989011156,2874003014
3003957314,2800434159
3095580221,2951254987
3094386380,2891610979
3124726575,2791544114
3120988391,2789305195
3203364159,2889080358
3160604492,2806673750
3158300408,2793369479
4295512949,2782183686
4306698380,2883583109
4280552086,2951606856
4386246018,2801873687
4366090339,2807477077
2985197308,2981117522
3214259784,2932111434
4307171542,2973821866
4317717677,2912884588
3045578670,3045737895
3009912996,3013893137
3042099287,3043831218
3024289893,3024289893
3034816694,3034816694
3133762183,3029682964
3205681349,3041516084
3173512675,3047159181
3199620752,3036386821
3175362420,3034425032
3213779066,3049142173
4225136253,3003217347
4289261763,3108941787
4317436849,3038068331
4317651671,2996825230
4323653529,3095620052
2940024093,2900144939
2944092461,2340656051
2980476706,2900144939
3083152579,2891060065
2987356303,2340656051
2304258614,2783674487
3089400930,2782130029
3163836542,2793369479
4306698380,2891146712
4310480924,2950976066
4315707215,2787902098
4365457334,2808632617
2981329637,2909687162
3046581440,2981571950
3038582858,2987820647
3111591598,2920628506
3213358370,2943793201
3199565759,2975042721
3092898629,2912557076
4229068626,2981014677
4305071804,2941803205
4206037526,3084033366
3082588265,3025744748
3103498539,3093215896
3045578670,3032255042
3095683209,3025090814
3165497123,3020300207
3204312334,3030525997
3127498359,3011713314
3177181935,3087924281
4213200965,3025744748
4312018883,3041494167
4308448213,3111591598
4385835660,3013151148
4376639691,3037827718
2902568381,2782183686
2950604305,2896846197
2964344648,2900771557
3035823399,2802053370
3204443805,2801467372
3181408683,2340656051
3107232899,2800563766
3201934315,2759086237
3196051918,2839631923
4221054065,2949226441
4221126714,2800434159
4206562186,2802852094
4200424290,2805081247
4386098518,2895486342
3033153603,2934254435
3188377838,2913740756
4367548909,2914574872
3038233058,3013152614
3081073771,3026558549
3025871232,3025871232
3047159181,3035459690
3080458234,3044660350
3044050454,3045578670
3133980772,3047091198
3112547455,3038505425
3128961456,3091186260
3109306759,3012284084
4292181176,3029160496
4308772231,3013594674
4295024029,3087185550
4283330057,3034425032
2887016667,2785904295
2971055195,2806673750
2975540334,2883020705
2980476706,2887326710
3031410640,2340656051
3034541161,2340656051
3002639883,2782504069
3202649987,2766437506
4285492143,2904190915
3127961017,2954157188
3123744360,2980498570
4284962898,2988845115
4210576858,2943793201
4283823333,2916020270
4313579084,2928966425
3041494167,3041494167
3047159181,3047159181
3117021508,3025090814
3216618416,3021391231
3156330672,3021373588
3112028440,3036386821
3124512219,3032255042
4206760816,3021880084
4319591096,3030556878
2893037771,2781567654
2974724557,2887886950
3007381443,2340656051
3044347277,2903803003
3014395776,2795470418
3110610967,2889513238
3087032289,2888979937
3173074848,2791483720
4214546240,2801443765
4385324158,2788609121
2972939290,2907407196
3087469893,2974724557
3017739100,2943793201
3025509561,2936664461
3133452672,2924761578
3028953168,3013188135
3155911001,3042374389
3112028440,3092403777
3108610942,3007643904
3128662309,3040980064
4379208990,3045578670
2904009897,2803929532
2899751111,2612603061
2971763914,2963554962
2962979703,2799706195
3113999242,2885499809
3117129228,2887249435
3204443805,2887886950
3163836542,2787584289
4306888870,2766437506
4362521485,2902965256
4388019947,2805644493
4377221326,2783674487
3000567409,2946597534
4284688108,2920628506
3024765662,3103590655
3037923073,3034071161
3085586916,3045578670
3119314689,3093867667
3143907823,3081073771
3126966305,3042183476
3165705254,3032255042
4221026046,3080487846
4283653441,3036708439
4283026725,3037843633
4210658740,3092403777
4317567184,3022917947
2785904295,2800905921
2883622734,2340656051
2945758896,2895207416
3069119239,2340656051
3020658322,2783192416
3000375097,2793309516
3200145496,2887886950
3165726173,2806672576
4205613112,2791659868
4220701268,2803116553
4324319338,2801549624
4320913268,2788045153
4321478402,2340656051
3041877641,2981137429
3141937673,2972181129
3149833912,2914513207
4206900638,2939018266
4386836027,2943793201
4308834478,2982557070
3094989744,3015429854
3046581048,3013188135
3112860625,2998795792
3055859021,3013188135
3010441732,3036529319
3025871232,3024382268
3081528139,3084033366
4245422695,3089112814
4245671890,3016902371
3030748957,3047159181
4226213341,3087128437
3133980772,3092503590
3191809422,3003217347
3213755833,2998795792
4200429845,3042348109
4226027283,3045802278
4308767037,3044050454
4224215764,3036702598
4327550253,3040263581
2899815955,2612603061
3101354295,2793369479
2955006628,2340656051
2991212521,2883622734
3081787041,2802059742
3184849231,2797506253
3134313854,2895207416
3120987247,2896055880
3213066457,2800434159
2952982270,2946304404
2999726172,2912272542
3013313006,2911835428
3023838324,2967792657
3136594673,2921740464
3188530917,2979301772
3095580221,3087128437
3034651359,3017129059
3206160882,3096486123
3136693147,3017129059
3161772041,3025744748
3194829845,3025987322
3199394546,3082588265
3111167477,3040980064
3121995178,3089112814
3185137851,3010131837
3128104165,3093768302
3177125472,3016902371
4281843570,3108193091
4211218744,3105815895
4289793696,3048620154
2901254075,2782793342
4211017739,2791544114
2995081665,2800905921
3094811729,2788733497
3008878431,2898215009
3006203361,2791781902
3091861357,2803841447
3095353222,2891060065
3171488579,2766437506
4295088938,2895932308
4282823776,2788045153
4308298493,2919859489
4212813338,2965604684
4295951576,2981179816
4294300924,2919338369
4290633150,2943793201
4318938985,2965590414
3020909574,3008359597
3106917004,3024607230
3044898763,3026558549
3047208380,3032255042
4298008749,3030942202
4214864613,3016025710
4213200965,3089112814
4323045621,3036386821
4384069353,3034548712
4323653529,3005086951
2897623369,2340656051
2889513238,2800905921
2906174863,2883360372
2972181129,2949385499
2980548847,2340656051
2902592841,2801666179
3111998801,2903601366
3117129228,2804448077
3015141182,2889513238
3197185514,2797506253
4214564855,2786318872
2808547740,2949062400
3107708884,2954698528
3095582665,2988596226
3087138957,2969948459
4210853280,2949020598
4225262636,2979563681
4368405285,2970830005
3089479994,3087128437
3003217347,3013152614
3022917947,3021880084
3139265427,3095153958
4283330057,3023698680
4225409101,3017049640
4280637998,3087924281
4225959108,3040876684
4387666851,3005995736
4380683806,3002770500
4310256700,3003217347
4387451765,3100475594
2883740377,2785093154
2787343838,2787343838
2949957282,2785757836
2964554484,2795871639
2971726561,2801053525
3084494759,2804930677
3014565260,2949543964
3135540293,2340656051
3181054244,2808641790
3202498768,2802053370
3202998090,2888052177
4211067223,2804762466
4312192954,2895932308
4289516690,2888172308
4281486475,2783667606
4220843382,2809368942
4283836459,2793309516
4220893731,2981389967
4293063328,2992957227
3047132168,3021923959
3049654234,3034816694
3048274045,3020909574
3137008901,3085879587
3195559098,3010073072
3124895942,3088054800
3121995178,3042323010
3134056000,3011500848
3112962014,3045724532
3215130428,3039975419
3155004337,3093768302
3153833445,3013893137
3118947400,3017129059
4292293010,3016902371
4380683806,3179857518
4388098319,3093768302
2902664755,2795052338
2921947689,2340656051
2969696059,2788735115
3102229685,2804635920
2966472180,2787257147
3011550352,2795185600
3037243268,2809391656
3030942202,2787902098
4223512607,2784532673
4387363943,2800967364
3108158555,2971483070
3138373478,2973029867
4280529765,2963537251
4283813169,4251141134
4200456075,2916020270
3043722389,3023230016
3009906937,3023698680
3027231799,3015429854
3128361403,3040264860
3132115846,3036386821
3202277973,3025987322
4296049653,3021880084
4210829967,3087924281
3215882649,3100958316
2883622734,2830196912
3102508365,2886541918
3102103775,3099135014
3113144574,2886541918
3149100102,2787584289
3126364712,2340656051
3146345129,2898215009
4210291515,2885813810
3035764705,2943918361
3193501617,2941067874
3165300194,2993513720
3119640668,2980897730
4210778689,2995840337
4387609414,2918137318
3045596302,3090844627
3013188135,3013594674
3046061621,3047091198
3131875150,3013152614
3178565761,3041960835
3211491732,3037827718
3124512219,3014233146
3157591309,3003217347
2885499809,2885499809
2914329775,2889513238
2923748945,2759086237
2998175747,2902907165
3035713655,2766437506
3048152017,2786318872
3048888372,2782124401
3202571733,2898120081
4210913993,2830196912
4292951307,2340656051
2999583889,2982321167
3129925389,2910159017
3153765484,2974724557
3101852403,2975212790
4310058387,2958848569
4288705708,2912645060
3038501713,3010131837
3043124965,3013152614
3093367571,3046115489
3000311037,3000282923
3173366795,3021447918
3167321976,3080259742
3138215020,3000282923
3165367963,3020909574
3145026833,3112860625
4225441476,3094968263
4220904663,3044660350
3122148095,3107112434
2801820889,2800655655
2801549624,2801514148
2949245595,2792384777
2904355662,2340656051
2921474111,2800434159
2972771701,2794573360
3157710113,2783562764
4387806403,2783192416
4384664068,2798064943
4323653529,2809428553
4385565479,2340656051
3035911052,2969492036
3154040928,2946317931
3207713226,2905220927
4310251770,2981612066
4323653529,2925217409
4320716000,2953226067
3111985903,3010131837
3114231036,3034798869
3045578670,3021880084
3094944164,3013151148
3096294596,3000083217
4221116249,3042323010
3119412259,3092403777
3165520347,3047202996
4300861364,3026558549
4281723268,3002990880
2925075625,2783667606
3088610511,2899815955
3094566369,2896256743
3014364508,2785077527
3009486424,2895126220
3202649987,2889283495
3146345129,2783667606
4307181149,2788735115
4312373207,2888052177
4385949797,2793369479
2999990233,2924359886
3108062021,2944564829
3208259726,2992820108
3137926323,2981548686
4323653529,2921315169
3048446898,3032255042
3093842248,3041564586
3143938824,3035459690
3142457473,3013893137
3145026833,3000311037
4281254240,3045578670
2918872551,2895207416
3047493479,2900144939
3096339202,2785803176
3092976969,2795718064
4220775445,2894956255
4229025319,2887249435
4293499223,2888052177
2993967591,2916364858
3101183821,2969492036
3015971553,2916020270
3167821385,2990742618
3138305217,2914943519
4292707465,2981774387
3013594674,3013594674
3087347658,3087347658
3087924281,3024289893
3025987322,3025987322
3014611427,3029682964
3035628751,3025744748
3112976705,3093768302
3033238902,3026002191
3045178645,3049142173
3174747632,3025744748
3132982761,3025744748
4291535890,3093475346
4205585552,3047091198
4295222541,3080387617
4384664339,3045946041
2963348735,2808831456
2951573203,2804762466
2916458303,2802053370
3004888206,2340656051
2998725968,2340656051
3102103775,2793369479
3022887434,2890880346
3205324211,2886855629
2969231323,2925109235
2982364478,2910085757
2948673221,2948673221
3015188401,2922442128
4280526456,2939018266
4380879631,2943918361
3047159181,3040876684
3045596302,3024289893
3024602798,3021880084
3017129059,3017129059
3092412936,3036605699
3107191813,3092503590
3136693147,3020909574
3102328262,3022917947
3120758145,3036529319
2978373708,2804505252
2950375827,2830196912
3029160496,2805113600
3046481747,2783192416
3209524664,2951794632
3151637556,2802053370
3140018342,2808632617
3161556485,2949062400
3128485166,2982786587
4286449197,2969948459
4253754191,2998822473
2989767263,3034541161
3038233058,3044660350
3044050454,3022917947
3034825141,3034825141
4206142017,3045220852
3048446898,3044660350
3098853825,3042183476
3206370075,3041494167
3136060243,3045870925
3199974613,3047091198
3212266412,3093867667
3153191605,3048457647
4295211065,3084331777
4387773166,3009221443
2919632356,2886855629
2897031614,2949385499
2970098032,2759086237
2975497362,2785803176
3123015207,2782130029
3197364483,2759086237
4200441709,2800434159
4317437864,2888908334
4386799988,2898120081
3159951467,2968567220
4205704013,2990742618
4226016725,2937611850
4386443045,2911642321
3014842224,3040264860
3040899749,3000729957
3152648863,3010131837
3190206472,3092403777
3131871667,3082694457
4281626123,3048620154
4210893818,3047159181
4225475598,3000311037
4366267517,3029160496
2888415936,2830196912
2883622734,2949543964
2973350525,2886855629
3117129228,2801120649
3006764495,2896481903
3093959671,2788690958
4296816530,2807207060
4376891166,2800155207
3017739100,2942698526
4308684714,2925001459
4205161581,2914329775
4385836956,2969948459
4310376032,2947155434
4366824412,2942678593
3097640683,3034816694
3022878099,3024289893
3015429854,3015429854
3025559601,3025744748
3025090814,3087128437
4200003887,3093475346
3143907823,3026558549
3193911193,3021880084
4303432978,3022734398
4323653529,3027065653
4377221326,3020301997
2966472180,2797447306
3028304854,2898215009
3001532525,2803633933
3014607123,2953008890
4211239584,2801578709
4386910517,2800905921
2987060168,2912385243
2921683137,2936664461
2981424555,2912684103
3084033366,2940767756
3003026830,2902472343
3198052269,2922092934
4284880728,2943793201
2991356424,3034541161
3046581048,3038505425
3034071161,3046581048
3025553169,3024382268
3085431035,3047208380
3081684714,3034816694
3045394654,3013151148
3121008609,3016458340
3135411054,3013594674
3206925134,3087128437
3130960912,3037521146
2887693335,2830196912
3110610967,2340656051
3107533241,2835210520
3014259712,2788439692
3001755674,2782504069
3194188670,2887136521
4293247374,2796439542
2970480306,2963160524
3080393158,2946317931
3029684493,2911835428
3088401235,2979595830
4281688348,2905220927
4220765272,2946429186
4206749873,2915168964
4319215968,2947520615
4385707099,2949231862
3013348202,3087924281
3034873991,3025744748
3107191813,3107191813
3047208380,3014233146
3205765004,3108673767
4294433620,3029682964
4220861013,3025744748
3206655348,3049142173
4307774268,3049142173
2793369479,2793369479
2931029786,2806514592
2911487850,2340656051
3206425404,2793618798
2946090470,2895932308
2944451953,2792647196
2908002252,2340656051
3043344901,2801443765
3011286936,2340656051
3084331777,2950909085
3193218822,2806741586
3134313854,2888052177
3118860930,2848694795
4226143279,2759086237
4280552086,2830196912
4379468507,2887136521
3145972301,2964024721
3204722966,2982557070
3209109691,2977087053
3198511950,2921168633
4283328628,2992738455
4324344274,2969527757
3084879098,3035459690
3037021418,3043831218
3188844742,3016902371
3175170112,3043831218
3120714204,3044050454
3207912190,3092503590
3170734619,3003217347
3135657598,3010131837
4220729450,3107112434
4210943449,3022734398
4213331538,3092284106
4372337416,3007415664
2974717491,2787933384
2908851900,2808136178
2969375616,2811460842
3084285096,2888626335
3179857518,2805442283
3062227316,2802401356
3010980004,2807662170
3207912190,2895693082
4290471561,2612603061
4318071643,2883622734
4323653529,2788045153
2922048335,2922048335
2998737654,2992957227
3093877036,2913288756
3201096757,2922176925
3138260539,2943793201
3200145496,2949020598
3109306759,2964841911
4377197020,2992957227
3116055094,3013893137
3010131837,3021923959
3005155588,3005155588
3036767741,3035459690
3045870925,3044050454
3091506611,3042374389
3203451949,3016902371
3109998099,3013594674
3208704289,3041960835
3121008609,3082588265
3136060243,3022917947
4281298256,3035459690
4312182138,3093768302
2969655117,2802807545
3043399522,2952840385
3039783515,2792989624
3092131469,2896252141
3119716498,2804572516
3159077390,2901166225
4294543436,2759086237
4386019486,2801443765
2947477144,2916020270
3215932031,2949020598
3213709307,2912272542
3138720448,2944119451
4281752996,2918137318
4292056029,2911642321
4206677995,2921526104
4318620303,2984306354
2781122472,3104285666
3014067025,3029682964
3047208380,3029682964
3134034046,3017129059
3135942249,3043831218
3161509288,3042406747
4283653441,3013578813
4308683905,3015429854
4284993127,2998407376
2972730029,2340656051
2949996247,2790139801
2968188498,2792588868
2999535436,2795871639
3000476650,2791544114
3006764495,2896617742
3167771504,2340656051
3133441729,2898215009
3164371814,2785803176
3203378240,2793965282
4289638464,2901546241
2979305445,2913125551
3012692687,2964834213
3110621449,2924761578
3009906937,3013893137
3156343712,3013188135
3137627784,3095153958
3197529927,3105815895
3148277587,3095153958
3155004337,3025744748
4221130449,3044660350
4285604310,3110287817
4220902785,3021391231
4328116293,3016902371
3105633527,2884346629
3003058300,2894451493
3194728593,2793714146
3176344185,2612603061
4280552086,2798099314
4229376968,2783823932
4365139490,2950976066
4381849971,2803116553
4389918018,2895207416
3109039446,2947155434
2999535436,2969017260
3102103775,3101354295
3145334405,2921875691
4280552086,2949062400
3042323010,3047091198
3049654234,3081073771
3093842248,3035459690
3091791643,3047159181
3029682964,3045578670
3000311037,2998795792
3032390071,3093475346
3170734619,3013093478
4210814238,3097497690
4388009543,3085078608
2974721962,2787902098
2999230481,2883622734
4365446414,2783667606
4385335624,2340656051
4213274904,2920628506
4319301363,2973050715
4317660916,2969308160
3049048202,3026558549
3195559098,3030942202
3119411150,3013188135
4283791707,3023698680
4213200965,3042323010
4210706440,3010073072
4226027283,3021880084
4308150510,2996386659
4315652407,3025987322
2995398601,2904190915
2806126901,2765970410
2973675164,2791483720
3013151148,2800434159
3042780866,2885104676
3034087136,2792021903
3097122371,2340656051
3128961456,2783562764
3211328827,2884775052
4282947103,2759086237
2973367896,2912684103
2976579916,2946016273
3011319320,2964024721
3202498768,2915848182
3160690135,2982556665
3135261648,2936686072
3191171424,2941803205
3161079328,2990802419
4383956870,2943793201
3041532377,3038505425
3096331199,3081073771
3081055927,3044477787
3022878099,3087924281
3210423025,3047880178
3092766467,3044660350
3092766467,3032255042
3124219265,3042323010
3196516725,3042183476
3196470459,3025987322
3124219265,3026558549
3161500117,3047132168
4307985186,3010955108
4295088938,3021189791
4388490374,3037521146
4366372496,3080487846
4386135025,3095153958
2892164007,2791483720
3167479850,2807662170
3137366663,2830196912
4379208990,2806673750
3006223032,2947677934
3012325124,2992738455
3215932031,2974724557
3125852379,2957475514
4210582716,2942273685
4384197907,2953622121
4379746064,2959655143
3085965157,3022970339
3096016660,3046059068
3093184496,3025987322
3124512219,3025987322
3130439268,3034425032
3203433659,3107112434
4281983143,3014737712
2797702016,2830196912
2609984900,2340656051
2890725238,2782124401
2903309381,2340656051
2995081665,2889513238
2917630884,2884428727
3035764705,2805743335
3009486424,2889577864
3044025582,2795561878
3162119857,2897410651
3173024175,2806989085
2971006194,2966214074
3023890055,2973222021
3108896277,2952260018
3033204916,2991552764
4220674994,2911349862
3030748957,3034816694
3103843063,3047091198
3026844837,3002684299
3121995178,3025744748
3083216853,3084331777
3140873963,3045752894
3211991404,3037521146
4300818026,3092146863
4221026046,3043831218
3212254292,3088138537
4376609116,3092403777
4211017739,2896252141
3017043137,2790591075
3136091489,2793731180
3215304922,2857318559
4280517936,2899815955
4289593681,2808743541
4323653529,2891599654
3155528889,2939018266
4223547624,2961018688
4323653529,2981479365
3013800395,3013800395
3037923073,3021880084
3089479994,3013188135
3113280799,3179857518
3044050454,3029682964
3153585438,3022210384
3199664997,3084331777
3151678771,2998795792
3119147846,3041564586
4226027283,3032255042
4308738703,3015248720
4311156768,3093768302
2900106686,2809037155
2981481522,2787902098
2911487850,2952585581
2999703200,2889513238
3037856367,2904408826
3203496375,2900144939
4220674994,2893050222
4318318936,2803572544
4322718735,2791483720
2990774124,2921879478
3099592232,2981616034
3138817412,2909149114
4295512323,2993960172
3032255042,3025987322
3115313006,3029682964
3025553169,3029682964
3135815580,3022210384
3161268256,3007402690
3125525522,3036386821
3167553362,3030052545
4295468950,3043427328
4309673498,3042544807
4319294276,3093404578
4380323684,3021880084
4385415902,3027806901
2953583330,2804829977
2919632356,2887886950
2942053120,2340656051
2892134688,2340656051
3027852753,2340656051
2999958881,2785040588
3083496521,2883622734
3103422819,2807329598
3122229952,2782504069
3197159314,2807191970
4388141815,2800434159
2966525584,2908340776
2896958236,2914232633
3202146472,2972445800
4317871059,2960061163
3111521480,3025987322
3215716308,3047065127
3157694136,3088197335
3217799976,3003217347
3119321472,3042374389
3137483588,3043831218
4283321668,3044660350
4385665238,3086746938
4387609414,3012284084
2798030806,2798030806
2969279439,2797600975
2984805909,2798099314
3139064735,2891386968
4205376375,2891060065
4306740488,2789305195
2955501090,2945091780
2954476098,2951514146
3001668913,2982620409
4226029548,2989562929
3133632560,2981552021
4307931636,2939018266
4287578439,2924761578
3097640683,3047091198
3046061621,3034816694
3014708904,3034816694
3089407290,3004007615
3136916445,3087343830
3159961265,3032255042
4225391630,3023413280
4311189562,3016718031
4386859372,3047091198
2979487934,2785904295
3008788084,2883622734
3011494354,2806673750
3196231042,2797996904
4380081214,2340656051
4384923919,2811133697
3012327875,2981137429
3111468108,2930737113
3161425918,2976425815
3093768302,3048799641
3046017759,3021880084
3109188198,3089112814
3163768674,3045802278
3093046487,3096419685
3124695025,3047132168
3124219265,3093768302
4221097055,3179857518
4289638000,3039975419
4386470106,3101697142
4379094175,3095153958
4366824412,3109942090
2892103024,2787584289
2961969123,2830196912
3111517196,2793369479
3111959782,2809379320
3006334980,2794573360
3035764705,2793309516
3184584468,2897815318
3161079328,2799850843
3157400350,2802053370
4287092004,2806673750
4382679647,2782124401
2942173509,2936686072
3142226569,2989785130
3133932842,2949020598
3190554042,2914394385
4292261107,2970204123
4293176236,2990742618
4315489984,2951924500
3023698680,3017129059
3034071161,3013188135
3084879098,3047091198
3039692269,3022917947
3134863881,3020767685
3170333570,3090844627
4220886953,3044660350
4284880728,3015020891
4206984346,3026558549
4210420480,3025183036
3102867977,2791544114
2981992332,4239574994
2913914265,2759086237
3105060245,2786312866
2999740778,2890140563
3087986288,2340656051
3204443805,2949978892
4206674219,2800434159
4310058384,2991307628
3069586704,3021880084
3016538467,3045737895
3008394341,3045724532
3048799641,3093768302
3124512219,3021880084
3164832774,3047880178
3205986596,3109942090
3127683214,3087347658
2925217409,2804762466
2981616034,2895207416
2999535436,2883729084
3133966277,2903563976
4283522546,2793939821
4312192906,2895126220
4388673199,2785777390
4386090744,2785904295
3044392771,2908888879
3125626028,2990494401
3177123537,2969674196
4295474172,2992738455
4283798934,2923032782
3145198654,2943793201
3018023298,3003217347
3160449499,3080487846
3171375949,3094968263
3177125472,3095866569
3208917191,3013152614
3201796127,3088197335
4312067575,3044660350
4221100565,3060308355
4292148468,3040706550
2950372712,2784395700
2993476941,2883427056
3090627945,2889513238
3146811394,2883789961
3122472315,2897815318
3216633781,2759086237
4382046441,2888052177
2972510243,2931899952
3111517196,3102814064
3151637556,2982404524
4200227444,2982786587
3167821385,2946107233
3193484507,2969709096
4289794258,2921168633
3135107870,2980925374
4206693544,2993960172
4292494039,2979808541
4220863547,2990494401
3022210384,3021923959
3086281727,3005086951
3025600770,3093761756
3004239190,3013893137
3119364446,3025871232
4200368137,3094968263
3111336046,3013594674
3161032756,3110287817
3134034046,3040980064
4213338059,3003217347
2888908334,2787024379
2806161996,2789924919
2801514148,2801578709
2910779362,2784692733
3092384396,2890140563
3167479850,2788376770
3208259726,2806673750
3215709913,2884775052
4382299714,2794573360
3112439613,2946016273
4291535890,2995840337
4377197020,2953482374
3085460391,3014842224
3120714204,3024607230
3113228067,3026558549
3126921591,3111517196
3192369129,3087526660
3198358365,3005086951
3194402687,3095661830
4285604310,3026558549
4205786053,3010955108
4210254528,3101697142
4289860687,3045802278
2980487229,2340656051
3047618013,2784734859
3110852430,2900144939
3181433487,2804572189
4283165220,2895486342
4323653529,2809368942
2994566149,2921875691
3045864178,2988958689
3012841297,2907712446
3151678771,2949062400
3120718977,2991248607
3189072387,2942862229
3215207674,2970092081
4284883496,2913285742
3031736683,3080487846
3087402740,3013188135
3201866125,3038505425
3092766467,3025987322
3165367963,3023698680
3199394546,3042323010
3118787724,3080128212
3175961346,3179857518
3213446793,3016718031
4385741628,3016902371
3042205760,2800434159
3104797606,2783895701
3165728422,2787301818
3164295949,2883583109
4220982034,2899623761
4362459058,2804073610
3011829967,2989562929
3010641024,2797702265
3166648790,2992820108
4225523514,2969017260
4220762197,2912308393
4294707570,2920715038
4312192906,2989693584
4378070202,2961647394
3010131837,3010131837
3186114398,3046581048
3129724129,3016458340
3111731041,3036386821
3119858057,3093815480
3197127917,3080487846
4285342118,3089112814
4280573703,3010441732
4387063453,3005995736
4317390888,2999950615
4316171143,3095153958
4385779383,3046797242
3120949185,2905917937
3203444976,2898449596
4312095023,2795226894
3037464909,2981137429
3001860080,2915061779
3092216269,2946151765
3202132086,2923015936
3126657350,2917855738
3193648441,2939525019
4210651685,2982404524
3025090814,3025090814
4242633958,3081073771
3004348779,3034816694
3038505425,3047617722
3088841725,3013152614
3092794487,3084331777
4282580030,3087924281
4281797937,3081901609
2766301605,2793369479
2979343028,2807588602
2907855239,2892052043
2972181129,2801745197
3043795706,2887886950
3025559601,2803841447
4200338219,2800434159
3149100102,2793369479
3198052269,2891994821
4281569605,2802053370
4319827008,2783692764
3156490366,2969709096
3011072970,2965506096
3201512193,2910210452
4283706151,2952488008
4386600324,2969948459
4362560647,2982575320
3044517943,3013188135
3047125225,3020300207
3007643904,3023230016
3045802278,3021880084
3133762183,3024607230
4210658740,3036386821
4220970752,3041960835
4283519858,2998735059
2961220997,2785370067
2914907359,2797600975
3014147239,2340656051
3158218790,2785803176
3167697154,2791483720
4283010363,2896481903
4214527649,2894151917
4366224836,2798209478
3019679086,4240290525
3202125399,2917086543
4295308760,2993960172
4307815341,2943793201
3022210384,3022210384
3022734398,3020300207
3042323010,3042323010
3089479994,3022210384
3003606046,3037021418
3131287340,3014067025
3161511556,3034425032
4200047905,3095153958
3132982761,3089112814
3209735640,3087924281
3203871758,3095961138
3143938824,3047159181
4312093538,3038461112
4210646164,3102239735
4385442725,3007402690
4312116471,3110287817
2993022075,2789780246
2987814631,2835210520
3010731429,2807207060
3008359597,2798041799
2982297530,2800434159
3109524898,2804257223
3089116691,2885870007
3194232007,2783310922
4387494986,2785803176
4386090744,2800905921
3163253011,2912272542
3149090762,2914394385
4220894640,2918768639
4383956870,2964841911
3041564586,3041564586
3034883465,3045578670
3213759424,3022734398
3121001695,3038311311
3169748973,3037722837
4280637998,3094968263
4281563307,3000282923
4313362319,3003360215
2944889001,2890488056
3014807564,2885499809
3165293110,2784371446
4292707465,2839631923
4318476873,2886637733
4385760516,2785610956
4323653529,2894151917
4367308901,2887249435
3001878481,2992738455
3111591598,2918137318
4298138395,2937611850
4213455992,2965299749
4366742513,2916020270
3003217347,3003217347
4379137326,3084331777
4385638598,3108896277
2785085486,2791731597
2990466613,2896481903
2969084200,2889513238
2999535436,2888626335
3108158555,2883879320
3088119845,2782130029
3127413976,2891386968
3135324733,2785803176
4214625613,2857318559
3025316148,2919704769
4226111060,2963404097
3084879098,3016458340
3089112814,3089112814
3040899749,3026558549
3092766467,3015429854
3128359529,3032255042
3191743264,3014842224
3175562186,3048620154
3132841322,3000311037
4282943635,3110998212
4322732813,3045578670
2938307111,2810583998
3059301501,2887143051
3103665450,2886541918
3032665916,2785610956
4244715013,2340656051
4220843382,2792522953
2948927976,2902246058
2951885494,2951885494
3018541302,2915848182
3167821385,2924761578
4210778689,2974545260
4210778689,2988278250
3084924559,3087924281
3060566181,3091902939
3122148095,3048799641
3187890850,3000282923
3113024647,3043831218
3164640404,3105815895
4281558245,3013594674
4310465784,3021391231
4200443780,3093768302
2985941207,2783667606
2912304870,2895486342
3014565260,2340656051
4229442492,2795091386
4210853280,2887886950
3037300642,2991307628
4307170575,2956385297
4378980763,2943793201
3048714202,3089112814
3090844627,3048799641
3034425032,3017129059
3112860625,3000124759
3095186004,3015059505
3045578670,3020300207
3080845626,3103590655
3134937376,3044660350
3161032756,3047091198
3153765484,3110610967
3206069408,3034825116
4306874674,3047091198
4205544024,2999230481
4220907252,3047091198
4317684890,3110621449
2891506925,2340656051
2909731512,2889886075
3086313595,2883779301
2999081734,2759086237
3124638407,2949603991
3194763128,2793783646
3118956265,2784784811
3181531588,2883020705
4281489365,2897264299
4210242828,2792635771
4206774025,2792073521
3133932842,2974724557
4210853280,2974724557
4211162540,2911725378
4296236023,2977988247
4313453627,2988773550
4360838572,2996642588
4319593819,2951518977
3025744748,3034873991
3012831148,3044660350
3081528139,3102648521
3017122993,3035769787
3137782989,3045870925
3154645666,3038505425
3109306759,3013188135
2894083868,2949978892
2948343247,2790139801
3082163757,2340656051
3110610967,2887886950
3023290106,2801666179
3010347562,2891832413
3086651460,2784507966
3155830558,2809171792
3111720209,2800434159
3199808882,2895207416
3208828238,2798099314
4205521038,2793369479
4213417064,2804731235
4366818769,2759086237
2945424693,2943846926
3181837364,2924884227
3124792448,2937274403
3136053247,2971982243
3155126561,2964203982
4309107134,2974724557
4293065402,2981494076
2953642767,3104285666
3080845626,3042183476
3188350838,3025744748
4295222541,3110621449
4308770459,3046580469
4307232193,3094435518
4220837089,3009746164
2963622568,2340656051
3105633527,2793369479
2949116706,2340656051
3102933936,2891599654
3093858607,2887886950
3136717333,2340656051
3111468108,2784734859
4221123198,2899178572
4323653529,2804762466
4385955262,2791483720
3102909511,2968071222
3206602749,2952863642
3214743560,2981674673
4281867931,2951061751
4377967585,2982626951
4366826840,2943936292
3045737895,3045578670
3033870872,3042374389
3092766467,3093768302
3168889671,3037827718
4382501900,3109942090
4386590204,3047091198
2963622568,2896481903
2944826525,2895126220
2970073459,2766437506
2968741682,2802090556
2966465234,2898215009
3022539996,2789253641
3038143616,2826750344
3044352330,2340656051
4307366279,2887997888
3209545585,2809286029
4283751617,2868576343
4366818769,2790044474
3104596207,2966514282
3107284391,2951061751
3136594673,2980239312
4226158971,2943815170
4387063453,2987820647
4386752269,2979595830
3015190630,3044660350
3021923959,3021923959
3037121923,3010131837
3082011975,3024607230
3034651359,3020909574
3001118548,3021880084
3045596302,3026558549
3091355964,3016458340
4220807057,3029682964
3161511556,3109143003
3143938824,3094968263
4281383093,3020077371
4213260574,2997046468
4213427614,3030793002
4323653529,3013324035
3184849231,2793369479
3135782547,2783473290
4304014325,2791483720
2964997533,2934310150
3005405338,2938820285
3003572639,2963404097
3109793392,2979595830
3153765484,2979595830
4288077145,2981122057
4308549700,2929651275
4292148468,2952780249
4386532034,2970816531
3095153958,3080387617
3048446898,3045578670
3095217725,3095153958
3132132323,3022210384
3164926277,3042183476
3134539363,3093768302
3177181935,3025744748
3175817142,3013893137
4206243212,3093768302
4366405458,3089479994
2885763562,2783473290
2895486342,2759086237
2898205490,2895932308
2982557070,2950976066
2970086641,2782504069
2979651828,2895207416
3192493086,2784371446
3134221341,2883779301
4293724129,2782917400
3092415006,2939116560
2998767077,2928665623
3041837368,2911642321
3110610967,2962905556
3121069500,2949062400
3193975419,2935492565
4322102698,2945697904
3087128437,3025090814
3089112814,3042323010
3096419685,3096419685
3015571324,3013152614
3040928076,3032255042
3018023298,3012485477
3030748957,3081073771
3199394546,3093768302
3157810520,3009501790
4283715553,3110621449
3095219036,2781490247
3048109944,2340656051
3018541302,2785904295
4301606314,2785110060
4388043124,2887249435
3043720145,2990705976
3126285986,2988278250
4200495156,2979595830
4282960930,2948673221
4224295505,2943793201
4311176879,2918023653
3034816694,3023230016
3031410640,3013893137
3177379841,3103590655
3217769415,3035090529
3212987793,3087320494
4210593324,3019679086
4281732765,3088401235
4224936011,3041494167
4280516114,3043831218
4376133743,2998563599
4366238721,3005252231
2801666179,2612603061
3106239041,2787257147
3081528139,2793965282
3164692211,2791731597
3108711749,2888908334
2910195697,2910195697
2984234582,2984234582
2985175171,2949062400
3200211450,2975042721
3101561456,3017850114
3035486810,3042406747
3081684714,3044327190
3022878099,2999574254
3041752529,3047880178
3049073740,3013152614
3133980772,3044660350
4221107345,3023698680
4320857368,3055859021
4386347131,3013151148
4387570502,3008359597
2965177839,2951411150
3009827201,2893068763
4220888881,2959431180
4298125924,2802765698
3200658124,2955300219
4289334794,2964672955
4210654701,2886606486
2999469770,2953385041
4285014711,3018801021
4324344109,3094204624
3110138864,2912343713
4220967537,2962287961
4287221835,2967501076
3204794681,3103680197
3137317508,3044237032
4384700492,2850552540
4382393529,3096580091
4310553113,3083456633
3100320478,2782412400
3174019710,2971688962
4309046162,3096741170
4388997562,3045396963
4386255238,3087436801
4376139648,3102407692
2925051356,2925051356
4309411067,3092837406
3183600015,3015461276
2947837699,2947837699
4309333308,2811175695
4311314067,2888719950
2972170924,2965365583
3206227974,3017957266
4383711206,2889501529
4318042042,3016349400
4311462017,2982464725
4225602302,2793581757
3206722524,3020192812
4322208201,3010475789
4310728750,2809231918
3111672553,2782412400
4311674790,3042017349
4366769794,3087336676
2959059926,2886606486
2901324536,2885561267
4312191942,2958026716
4200245063,3010423010
4220929526,2912025500
3154820754,3088407366
2976377316,2963338268
4384664113,3035442585
3025223409,2972375576
4321112890,2912706008
4212919895,2922009992
2905951671,2794219350
3197781442,3045971896
3026035845,2962424236
2956245605,2805712258
4388839848,2903864929
4283658647,3041756941
4296129048,3011445295
4294440039,2938442499
3207826395,3005289165
4280642461,3007766830
3029417248,2942580786
3045971896,3045971896
3140990108,2942580786
4385071140,3046700416
4225073118,2903864929
3111561052,3101479050
2891386626,2805738790
3126534970,2800094550
3110244992,2981876832
3185877025,3028402722
4286433349,2966728666
3036989854,3003721858
2991558899,2973731453
2969698389,2785173370
3005645021,2782917446
4210450363,2953552015
3005167648,2782917446
4384560493,2982376788
4384156127,2970606242
2984655992,2938847643
3023402377,2782917446
4388904914,3020164231
4286587779,3087283219
2905304272,2804898610
2910882887,2789329186
3094077912,2782917446
4319454211,3033279253
4224729325,2970606242
2795499780,2782917446
2923295838,2782917446
4309189914,2984373356
4385830362,3026186109
3179966564,2789329186
3013313783,2982376788
2888763634,2888763634
3199063163,2964600485
4302769891,2789329186
4283379971,2951044964
3009794872,2906697862
2892068086,2797474345
3134835029,2795588456
3131072190,3042194934
3194104958,2965196536
4205650896,2782993241
4286256621,3097335124
3011738444,2901047992
4290839523,2920051885
4320724509,2981477552
2946232135,2784259290
3188113146,2784259290
3129926333,3042432496
4282913339,3006066928
3131698873,2884910927
4210619521,3080210839
3140651708,2782993241
3120379617,2965196536
4323921266,3110234190
4292179827,3101509799
2979640255,2910895949
2979887036,2795588456
3030929194,2979994192
4307812005,3101433345
4381485899,3043342085
2768034240,2915880198
4381485899,3101509799
4200252453,2795588456
3134835029,3105642915
3201132849,3101509799
3197136220,2970272608
4293834901,3101509799
4376862145,3101433345
4313750824,3101433345
3029244827,2981477552
4293834901,3101433345
4320481728,2972681992
4306827350,3098148018
4290672371,2965090014
4322488307,2917625801
4380838782,2939298550
4280609715,2795588456
4285253834,2981477552
4288925938,3020542478
4367849137,3104540403
3120768715,3043342085
3206990242,2921629713
3092184175,2884433795
3164622592,2782752865
4290672692,3043462710
3161475053,2888392839
4284667882,2804581735
2955176676,2896215637
3100859762,3100859762
4282922521,3010406440
4366393707,2918009072
2903863306,2903863306
4225983958,2975329111
4282914707,2991201201
3137234634,2899436384
3210211693,2807551379
4385444454,2891887862
4362523990,2884107862
4289837515,2888811593
3043744544,2887032631
2944133842,2805926569
3159078445,2800030718
